City_ID,Country,Date,Latitude,Longitude,Cloudiness,Humidity,Max Temp,Wind Speed
0,US,1584253482,30.37,-88.56,90,93,68.0,2.35
1,RU,1584253623,52.2,117.55,0,68,28.71,7.34
2,AU,1584253623,-33.65,115.33,14,46,81.0,15.43
3,GL,1584253412,65.61,-37.64,41,64,-0.4,3.36
4,US,1584253521,42.1,-79.24,90,92,33.8,6.93
5,AU,1584253623,-12.23,136.77,30,31,91.4,11.41
6,AU,1584253623,-42.78,147.06,20,59,63.0,14.99
7,BR,1584253623,-14.1,-46.63,100,94,67.78,1.19
8,TO,1584253624,-21.2,-175.2,75,88,82.4,6.93
9,CL,1584253416,-53.15,-70.92,99,67,57.2,34.45
10,RU,1584253456,71.69,128.87,60,78,-10.8,6.53
11,NE,1584253624,18.69,12.92,7,21,61.07,2.86
12,US,1584253624,47.11,-104.71,90,92,28.0,9.17
13,US,1584253383,42.6,-73.97,90,64,37.99,11.41
14,PG,1584253624,-2.02,147.27,94,70,85.55,9.84
15,US,1584253434,41.37,-73.41,90,51,44.01,8.05
16,JP,1584253625,28.37,129.48,40,42,62.6,17.22
17,GE,1584253625,41.96,42.96,90,93,50.0,3.36
18,AU,1584253625,-42.88,147.33,20,59,63.0,14.99
19,US,1584253625,22.08,-159.32,75,69,73.4,10.29
20,MU,1584253625,-20.34,57.76,40,78,84.0,6.93
21,CA,1584253626,50.63,-96.99,85,81,8.01,5.01
22,UY,1584253626,-34.48,-54.33,87,88,61.81,6.4
23,NZ,1584253437,-46.6,168.33,100,84,60.01,11.01
24,US,1584253626,71.29,-156.79,1,70,-0.4,16.11
25,PF,1584253626,-23.12,-134.97,3,71,78.84,9.75
26,MM,1584253626,20.43,96.15,28,13,102.81,10.38
27,NA,1584253626,-24.13,19.12,0,18,72.12,1.81
28,IN,1584253627,34.17,77.58,86,50,15.03,3.51
29,US,1584253627,37.27,-87.18,90,100,39.99,5.82
30,ZA,1584253627,-33.59,26.89,81,87,69.01,5.01
31,GL,1584253425,60.92,-46.05,100,67,19.4,2.24
32,KE,1584253627,0.11,35.18,40,73,77.0,3.36
33,NZ,1584253627,-44.7,169.15,96,37,68.0,8.01
34,PE,1584253465,-10.07,-78.15,100,74,72.82,2.26
35,NZ,1584253628,-45.87,170.5,100,88,59.0,3.0
36,AI,1584253361,18.22,-63.06,75,83,75.2,9.17
37,IN,1584253628,20.71,70.98,63,51,78.4,21.21
38,CL,1584253628,-35.33,-72.42,0,60,54.64,5.68
39,CN,1584253628,42.12,118.78,0,16,34.81,22.7
40,SD,1584253629,13.52,35.77,94,24,77.88,11.88
41,TL,1584253629,-8.93,125.41,70,66,77.81,6.02
42,ZA,1584253497,-33.02,27.91,75,82,68.0,16.11
43,GL,1584253629,72.79,-56.15,91,99,-16.76,4.7
44,CN,1584253610,40.81,111.65,0,16,53.6,15.66
45,AR,1584253629,-54.8,-68.3,40,66,53.6,5.66
46,RU,1584253630,70.63,147.92,20,85,-17.72,2.84
47,KI,1584253413,3.07,172.79,19,76,84.04,13.22
48,ZA,1584253473,-33.01,17.94,12,77,60.8,13.87
49,ID,1584253630,-6.88,112.21,57,66,87.96,3.51
50,BR,1584253422,-30.18,-50.21,0,88,75.58,17.67
51,US,1584253630,33.19,-82.53,1,87,64.4,5.82
52,SO,1584253456,9.49,50.81,83,75,79.45,9.82
53,VE,1584253631,10.16,-68.57,15,94,64.02,5.66
54,PF,1584253406,-9.8,-139.03,15,67,82.53,8.25
55,RU,1584253631,69.7,170.31,84,69,12.24,17.36
56,MY,1584253585,5.41,100.34,40,63,95.0,10.29
57,MR,1584253631,20.52,-13.05,0,14,65.32,7.02
58,NZ,1584253413,-46.19,168.86,100,84,60.01,11.01
59,GY,1584253632,6.4,-58.62,40,94,75.2,4.7
60,MV,1584253632,5.67,73.0,4,72,83.8,11.39
61,PY,1584253632,-21.04,-57.87,14,54,78.73,4.92
62,US,1584253447,34.42,-119.7,75,87,55.4,11.41
63,PE,1584253458,-13.7,-76.22,40,83,71.6,9.17
64,US,1584253633,44.53,-109.06,90,85,26.01,14.99
65,RU,1584253434,68.75,161.3,100,93,8.94,9.86
66,ZA,1584253633,-34.53,20.04,99,88,62.6,4.7
67,ZA,1584253633,-34.42,19.23,100,94,64.0,15.17
68,US,1584253633,64.5,-165.41,100,97,30.0,11.36
69,US,1584253537,39.18,-84.53,90,92,36.0,8.05
70,AO,1584253634,-15.2,12.15,66,77,76.39,2.57
71,CA,1584253418,49.78,-74.85,90,78,10.4,17.22
72,SO,1584253634,9.41,45.06,0,61,72.09,9.82
73,ZA,1584253403,-33.92,25.57,40,88,68.0,17.22
74,US,1584253402,19.73,-155.09,90,83,75.2,3.29
75,BR,1584253634,-6.09,-35.21,75,100,77.0,4.7
76,US,1584253634,27.73,-82.74,1,94,72.0,3.36
77,US,1584253635,57.05,-135.33,1,80,33.8,3.36
78,CN,1584253459,32.65,110.78,3,17,70.36,5.99
79,SE,1584253635,60.15,15.19,100,70,32.0,9.17
80,MX,1584253430,27.98,-114.06,74,72,60.53,10.67
81,CN,1584253635,39.73,116.14,32,17,64.0,6.71
82,RU,1584253635,61.37,35.37,89,85,21.65,13.62
83,RU,1584253636,44.56,135.57,97,85,28.2,1.43
84,US,1584253636,34.75,-92.29,90,93,46.4,9.17
85,CN,1584253441,23.12,113.25,15,37,78.01,2.24
86,RE,1584253406,-21.34,55.48,67,69,84.2,19.46
87,AU,1584253483,-34.58,150.86,75,59,70.0,16.11
88,ID,1584253636,4.14,96.13,26,70,84.42,5.5
89,RU,1584253445,71.97,102.5,100,95,30.13,13.98
90,US,1584253637,21.35,-158.09,40,94,77.0,5.82
91,AR,1584253637,-45.87,-67.5,28,51,60.8,14.99
92,FO,1584253637,62.23,-6.59,100,64,33.8,16.11
93,RU,1584253637,54.3,110.3,96,96,26.74,2.75
94,BR,1584253637,-22.97,-42.03,8,87,77.86,14.36
95,RU,1584253637,51.02,45.7,2,73,36.0,8.99
96,AU,1584253486,-37.83,140.77,40,52,66.2,17.22
97,PH,1584253638,16.45,120.59,70,58,82.36,7.16
98,BR,1584253638,-17.71,-39.25,100,76,79.83,8.48
99,JP,1584253638,35.73,140.83,75,53,51.8,8.05
100,ML,1584253446,22.68,-3.98,0,13,66.72,5.88
101,US,1584253638,39.15,-123.21,90,81,45.0,4.7
102,NO,1584253416,71.04,27.85,100,87,26.26,16.64
103,PG,1584253638,-2.67,141.3,100,90,77.41,18.28
104,US,1584253639,57.79,-152.41,1,73,26.6,6.93
105,RU,1584253639,67.45,153.68,100,94,-2.27,9.46
106,MX,1584253551,22.89,-109.91,5,77,66.99,11.56
107,RU,1584253639,68.05,39.51,65,79,10.62,29.73
108,BR,1584253639,-5.18,-68.9,100,94,75.11,0.27
109,CA,1584253639,63.75,-68.51,20,60,-25.01,11.41
110,MU,1584253405,-20.52,57.52,40,78,84.0,6.93
111,PT,1584253640,40.16,-8.33,75,93,54.0,1.12
112,CA,1584253400,69.45,-133.04,23,84,10.49,35.66
113,CA,1584253640,58.81,-122.7,20,51,12.2,3.36
114,NZ,1584253475,-35.1,173.78,0,76,68.0,5.99
115,CA,1584253640,50.03,-66.87,75,67,19.4,13.87
116,GL,1584253640,77.48,-69.36,63,60,-19.7,7.7
117,MX,1584253640,31.32,-113.53,33,84,60.01,4.36
118,BR,1584253641,-0.16,-50.39,100,90,77.41,5.61
119,NA,1584253641,-26.65,15.16,0,72,66.2,11.41
120,NZ,1584253641,-35.17,173.17,0,74,67.8,12.93
121,RU,1584253641,50.68,156.12,100,90,20.95,20.69
122,AU,1584253641,-33.87,121.9,97,48,84.2,13.87
123,TR,1584253641,36.54,32.0,75,100,59.0,7.54
124,RU,1584253421,73.51,80.55,33,96,-14.49,3.56
125,CL,1584253425,-41.87,-73.82,8,100,44.6,6.93
126,AU,1584253642,-24.87,113.63,90,65,82.4,6.93
127,ID,1584253642,5.89,95.32,6,77,83.82,16.84
128,NZ,1584253642,-42.72,170.97,100,69,61.5,5.55
129,BR,1584253417,-24.79,-50.01,14,99,61.92,3.85
130,IT,1584253642,43.44,13.66,62,81,54.0,4.7
131,US,1584253386,37.34,-121.89,90,81,51.8,5.82
132,US,1584253643,40.6,-124.16,90,93,41.0,10.29
133,ID,1584253401,-3.8,102.27,72,58,89.89,7.58
134,AR,1584253506,-51.62,-69.22,90,66,55.4,10.29
135,MU,1584253643,-20.41,57.7,40,78,84.0,6.93
136,AU,1584253419,-28.77,114.6,75,69,82.0,13.87
137,RU,1584253643,61.67,96.37,98,87,32.4,10.78
138,CA,1584253412,62.46,-114.35,90,66,14.0,4.7
139,AO,1584253644,-8.42,20.74,100,89,68.0,1.88
140,RU,1584253644,55.04,59.04,100,97,33.78,7.49
141,BG,1584253644,43.35,26.23,90,100,41.0,8.05
142,RU,1584253644,70.02,135.6,0,89,-18.31,8.05
143,GH,1584253430,4.87,-2.24,100,93,75.72,2.1
144,AU,1584253435,-15.77,128.73,19,22,96.8,13.87
145,BR,1584253645,-8.01,-34.86,90,83,78.8,2.24
146,BR,1584253645,-6.98,-34.83,90,94,77.0,3.74
147,AR,1584253645,-38.0,-57.56,20,100,64.0,4.7
148,BR,1584253645,-9.88,-56.09,100,97,70.74,0.18
149,GB,1584253645,53.52,-2.49,100,100,46.99,8.05
150,MY,1584253645,6.2,102.17,40,70,87.8,11.41
151,AR,1584253645,-43.3,-65.1,0,64,59.9,14.38
152,BR,1584253646,-30.16,-53.57,6,73,71.91,0.51
153,KZ,1584253646,42.9,71.37,0,22,64.4,2.24
154,CA,1584253470,60.75,-137.51,0,76,15.66,4.27
155,FR,1584253445,46.42,3.91,74,92,36.0,3.51
156,PT,1584253416,32.67,-17.1,75,72,59.0,12.75
157,MG,1584253647,-13.2,49.05,100,84,82.6,13.71
158,BS,1584253462,26.54,-77.06,38,83,72.48,10.36
159,CN,1584253647,18.8,110.4,100,88,72.79,10.02
160,NO,1584253451,67.67,12.69,94,63,34.99,12.08
161,RU,1584253408,71.92,114.08,100,91,12.34,16.33
162,CN,1584253647,50.78,121.52,0,63,18.05,9.13
163,RU,1584253648,64.38,-173.3,93,95,17.49,8.05
164,TO,1584253501,-19.8,-174.35,75,83,82.4,11.41
165,DE,1584253648,50.27,10.97,54,64,37.0,1.99
166,MG,1584253648,-24.7,44.75,80,54,82.24,3.94
167,RU,1584253648,64.75,177.48,20,85,23.0,29.08
168,NA,1584253648,-22.45,18.97,0,68,71.6,8.05
169,CO,1584253649,3.25,-76.23,40,94,68.0,0.49
170,MV,1584253649,-0.6,73.08,65,60,83.71,4.94
171,OM,1584253647,17.02,54.09,75,47,80.6,11.41
172,PF,1584253649,-17.73,-149.15,40,74,84.2,10.29
173,LK,1584253649,7.71,81.69,66,62,84.42,4.88
174,NC,1584253497,-22.67,167.48,100,81,83.61,36.31
175,RU,1584253650,62.1,126.7,100,88,8.92,3.8
176,ML,1584253650,18.44,1.41,0,14,70.25,10.92
177,VE,1584253495,7.77,-72.22,40,83,77.0,2.24
178,MX,1584253650,15.74,-96.47,0,77,78.01,4.27
179,ID,1584253650,-0.95,100.35,71,66,82.76,3.4
180,CK,1584253650,-21.21,-159.78,12,88,78.8,3.36
181,ID,1584253650,-6.92,106.93,68,78,80.1,4.25
182,SE,1584253651,67.86,20.23,48,79,21.2,13.87
183,CA,1584253651,55.74,-97.86,5,58,-5.8,5.19
184,RU,1584253651,52.47,96.11,100,88,32.07,2.77
185,MX,1584253651,22.27,-101.97,100,42,67.21,6.26
186,MG,1584253651,-25.03,46.38,40,88,77.0,16.11
187,PT,1584253652,37.72,-25.43,20,82,55.4,4.7
188,CL,1584253441,-45.58,-72.07,75,76,51.8,3.36
189,RU,1584253403,59.7,30.79,27,57,25.0,8.95
190,PF,1584253407,-16.48,-151.75,12,77,82.9,11.43
191,TH,1584253652,7.92,98.33,20,39,95.0,12.75
192,CA,1584253474,51.23,-58.65,43,85,16.43,13.65
193,BR,1584253652,-6.66,-69.87,100,95,73.81,1.1
194,PE,1584253653,-6.23,-77.87,100,96,53.29,1.95
195,US,1584253504,41.14,-73.36,75,45,45.0,12.75
196,EC,1584253415,-0.74,-90.35,2,86,78.01,1.99
197,BR,1584253653,0.04,-51.07,75,100,75.2,5.82
198,IN,1584253654,26.95,77.82,0,25,76.1,6.67
199,PG,1584253654,-2.57,150.8,99,63,85.73,5.32
200,PT,1584253654,38.52,-28.7,26,88,54.95,3.74
201,ES,1584253654,28.66,-17.92,20,77,60.8,11.41
202,US,1584253654,55.34,-131.65,1,78,37.4,5.82
203,CA,1584253654,65.28,-126.83,90,92,19.4,2.24
204,ZA,1584253445,-34.08,18.82,20,72,66.99,18.34
205,US,1584253655,41.06,-94.36,90,100,33.8,12.75
206,SA,1584253450,17.33,42.67,75,74,82.4,6.93
207,CA,1584253655,50.2,-66.38,75,62,19.4,10.29
208,VE,1584253655,5.66,-67.62,84,92,71.55,3.13
209,IN,1584253655,28.17,94.77,99,51,77.94,2.8
210,BB,1584253655,13.22,-59.52,75,83,77.0,13.87
211,BR,1584253655,-15.8,-43.31,61,92,68.18,5.48
212,ID,1584253656,-3.37,135.48,70,95,78.94,1.99
213,MX,1584253656,17.52,-101.27,6,82,78.37,5.64
214,PT,1584253656,38.7,-9.42,20,93,55.0,12.75
215,CN,1584253656,40.81,114.88,56,39,44.49,12.28
216,PH,1584253656,11.0,122.67,4,50,87.24,12.1
217,AR,1584253657,-32.17,-64.11,100,91,57.65,8.5
218,RU,1584253447,67.63,134.63,14,77,-7.96,3.53
219,JP,1584253465,43.32,145.57,75,74,30.2,10.29
220,CA,1584253425,50.7,-127.42,5,37,35.6,18.34
221,SS,1584253657,4.41,32.57,100,61,80.22,2.77
222,PL,1584253479,50.32,17.57,0,51,28.99,1.01
223,PG,1584253473,-5.55,150.14,100,78,82.0,3.65
224,US,1584253658,20.89,-156.47,40,83,75.2,13.87
225,KZ,1584253658,48.68,71.64,80,99,36.52,7.05
226,CL,1584253437,-37.62,-73.65,0,89,48.85,5.5
227,IS,1584253401,63.84,-22.43,0,85,19.4,14.99
228,MV,1584253469,6.62,73.07,0,70,84.22,10.22
229,MN,1584253478,48.01,91.64,5,26,37.49,3.09
230,VN,1584253658,11.53,106.92,67,18,105.21,2.04
231,SB,1584253417,-10.45,161.92,97,79,81.82,10.38
232,LR,1584253659,4.38,-7.72,100,95,78.13,3.24
233,ID,1584253659,-10.17,123.58,75,66,89.6,13.87
234,BR,1584253659,-29.68,-53.81,22,54,74.77,2.64
235,LK,1584253659,6.12,81.12,40,56,93.2,12.75
236,RU,1584253659,52.23,57.44,100,91,32.88,16.37
237,CA,1584253429,70.47,-68.59,1,73,-29.2,5.82
238,SJ,1584253476,78.22,15.64,40,76,-5.8,4.7
239,CL,1584253660,-36.62,-71.83,0,71,55.4,9.17
240,GB,1584253660,56.28,-3.26,68,75,45.0,21.92
241,MY,1584253660,1.24,111.46,75,59,93.2,3.36
242,RU,1584253660,60.37,93.04,99,95,32.47,17.43
243,NO,1584253660,70.86,29.09,100,75,31.26,21.25
244,US,1584253661,64.86,-147.8,90,73,24.8,1.9
245,KZ,1584253661,43.2,51.65,100,76,51.51,15.75
246,ID,1584253661,-9.66,120.26,64,68,84.45,3.76
247,MR,1584253661,18.09,-15.98,75,63,66.2,11.41
248,BR,1584253661,-9.01,-35.22,100,77,81.43,8.32
249,ZA,1584253449,-33.93,18.42,20,72,66.99,18.34
250,RU,1584253662,68.05,166.44,74,91,0.14,3.4
251,GT,1584253662,14.3,-91.92,16,79,76.44,3.38
252,AU,1584253662,-38.27,141.97,33,69,59.16,14.9
253,ID,1584253662,-7.33,108.35,79,76,84.96,4.92
254,NP,1584253377,27.72,85.32,20,49,69.8,4.7
255,MX,1584253662,21.28,-89.67,5,73,77.0,13.87
256,RU,1584253511,65.98,60.31,100,80,5.25,7.9
257,JP,1584253663,35.13,140.3,20,77,51.8,10.29
258,RU,1584253436,62.14,117.63,94,94,32.5,5.93
259,AU,1584253430,-25.3,152.85,40,51,82.4,18.34
260,PT,1584253663,33.07,-16.34,75,72,60.8,14.99
261,UZ,1584253664,40.43,71.72,0,29,64.4,2.24
262,AU,1584253664,-29.47,149.85,40,37,82.4,9.17
263,UZ,1584253664,40.13,63.45,100,23,68.72,21.9
264,RU,1584253664,51.64,35.58,20,58,28.99,11.18
265,US,1584253619,47.5,-111.3,20,83,-2.0,5.82
266,CV,1584253665,14.9,-24.5,9,60,72.55,15.08
267,US,1584253484,42.33,-83.33,90,77,33.01,9.17
268,GL,1584253665,69.22,-51.1,85,63,-5.8,10.29
269,DK,1584253665,57.08,9.27,100,82,43.0,15.01
270,US,1584253665,41.44,-72.01,90,55,42.8,8.05
271,ID,1584253665,-0.87,134.08,100,87,76.84,9.19
272,TH,1584253666,14.59,101.0,100,52,91.0,7.94
273,PH,1584253666,8.0,124.29,93,79,82.0,8.01
274,GH,1584253666,7.06,-1.4,97,93,71.78,2.93
275,GL,1584253666,60.14,-45.24,100,93,22.73,7.27
276,CF,1584253666,4.32,17.47,50,20,76.32,1.72
277,RU,1584253666,55.97,37.92,40,85,23.0,8.95
278,MX,1584253666,25.34,-108.26,100,66,63.0,1.99
279,BR,1584253667,1.0,-52.0,100,91,72.91,2.86
280,AR,1584253667,-34.62,-68.33,0,29,56.89,4.12
281,PH,1584253667,14.31,121.11,75,49,91.4,8.05
282,RU,1584253493,67.67,53.09,74,89,9.01,6.53
283,TM,1584253667,39.51,54.37,66,39,62.42,3.09
284,US,1584253667,37.61,-122.49,90,81,51.01,5.82
285,TW,1584253667,24.76,121.75,20,37,71.6,12.75
286,BR,1584253668,-3.2,-52.21,100,99,73.22,2.51
287,US,1584253668,33.45,-88.82,90,93,66.2,3.42
288,RU,1584253668,53.45,125.8,55,83,15.12,8.16
289,BR,1584253668,-33.52,-53.37,100,83,67.1,10.31
290,PH,1584253668,20.45,121.97,40,75,69.64,24.56
291,CA,1584253446,66.15,-65.71,100,97,-35.05,1.1
292,RU,1584253669,46.17,45.34,2,56,48.25,8.63
293,MX,1584253485,15.85,-97.07,1,86,70.81,2.04
294,CL,1584253669,-29.95,-71.34,90,93,60.8,3.36
295,YE,1584253669,14.2,43.32,20,64,77.41,3.67
296,BS,1584253669,24.7,-77.77,40,83,73.4,5.82
297,CV,1584253669,14.92,-23.51,12,77,69.8,14.99
298,BR,1584253669,-15.86,-38.88,40,88,75.2,3.36
299,IS,1584253670,64.25,-15.21,99,63,29.37,9.71
300,BJ,1584253670,9.94,3.21,12,19,69.35,3.96
301,BG,1584253670,41.98,27.53,90,87,44.6,11.41
302,RE,1584253670,-21.36,55.77,74,69,84.2,19.46
303,BR,1584253670,-3.28,-39.27,99,94,73.38,3.06
304,CA,1584253670,47.67,-52.73,5,74,30.0,26.4
305,MX,1584253671,21.65,-101.5,86,62,58.6,9.78
306,SN,1584253431,14.69,-17.44,40,94,69.8,11.41
307,GL,1584253671,61.99,-49.67,100,64,3.87,6.62
308,US,1584253623,36.68,-121.66,90,88,52.0,9.17
309,TC,1584253671,21.46,-71.14,1,76,75.54,18.03
310,RU,1584253432,69.49,88.4,40,77,3.2,22.37
311,GB,1584253672,51.8,-4.97,100,93,46.4,18.34
312,RU,1584253672,51.68,79.78,100,98,35.71,11.68
313,RU,1584253672,52.69,37.96,100,46,26.78,21.32
314,BR,1584253510,2.82,-60.67,40,62,84.2,5.82
315,ES,1584253672,43.08,-2.51,20,100,57.0,3.36
316,RU,1584253672,59.24,163.07,0,73,16.57,6.24
317,MU,1584253467,-20.21,57.76,40,78,84.0,6.93
318,US,1584253389,38.65,-94.35,90,90,36.0,11.41
319,LY,1584253596,31.21,16.59,0,27,63.9,6.49
320,NZ,1584253673,-43.63,171.65,100,72,64.0,10.2
321,US,1584253673,30.51,-87.21,1,93,66.99,2.17
322,IN,1584253673,25.4,88.52,33,40,82.51,5.77
323,US,1584253600,64.84,-147.72,90,73,24.8,1.81
324,PT,1584253674,39.82,-7.49,0,81,48.0,1.59
325,IN,1584253674,23.25,91.45,100,26,92.88,11.5
326,ML,1584253674,12.28,-10.97,7,17,69.13,1.34
327,IN,1584253555,11.67,92.75,16,69,83.64,8.75
328,US,1584253674,46.19,-123.83,20,64,39.0,18.34
329,GL,1584253674,68.71,-52.87,92,96,-14.1,5.46
330,JM,1584253675,17.89,-77.59,1,90,67.35,6.38
331,BR,1584253675,-5.2,-35.46,75,100,75.2,4.7
332,AU,1584253675,-32.72,152.15,90,64,71.01,14.99
333,AU,1584253675,-38.38,142.48,15,67,64.0,15.5
334,CD,1584253675,-6.15,23.6,75,88,73.4,4.7
335,CN,1584253675,24.52,103.77,76,34,77.83,8.72
336,ZA,1584253676,-22.95,30.48,19,65,76.23,4.7
337,ES,1584253676,39.47,3.15,20,100,52.0,2.24
338,CN,1584253676,37.46,118.49,0,25,55.09,9.19
339,TR,1584253676,36.96,36.2,20,100,62.6,0.83
340,US,1584253444,37.46,-122.43,90,81,51.8,5.82
341,RU,1584253676,62.07,49.57,46,90,16.11,6.49
342,UA,1584253676,52.18,32.58,59,41,28.2,19.62
343,TZ,1584253677,-8.57,32.05,100,89,65.55,1.83
344,CD,1584253677,-6.47,16.82,100,92,70.81,0.89
345,FR,1584253677,46.84,-1.87,90,100,50.0,6.93
346,NO,1584253596,70.98,25.97,100,78,27.91,15.7
347,AF,1584253677,32.25,67.25,93,33,48.07,3.94
348,AU,1584253678,-20.73,139.5,9,23,93.2,12.75
349,AU,1584253451,-25.24,130.99,0,14,96.8,8.05
350,HK,1584253606,22.29,114.16,20,56,72.0,6.93
351,BO,1584253460,-17.8,-63.17,75,78,78.8,3.36
352,ES,1584253678,40.58,-5.0,0,92,37.99,4.34
353,NO,1584253678,63.66,9.57,75,60,39.2,26.4
354,EG,1584253678,28.5,30.8,2,69,64.26,1.07
355,BR,1584253678,-5.82,-46.14,100,96,72.18,2.28
356,ES,1584253679,43.55,-5.92,40,87,43.0,4.7
357,NZ,1584253679,-46.13,167.68,100,84,60.01,11.01
358,CA,1584253679,49.63,-105.98,100,89,18.68,14.03
359,DE,1584253679,48.71,8.74,31,92,37.99,2.24
360,NC,1584253679,-20.4,164.57,100,87,77.16,22.73
361,JP,1584253444,33.36,129.55,75,33,59.0,13.87
362,SA,1584253680,18.39,42.45,20,77,64.4,11.41
363,CA,1584253680,48.65,-53.11,55,81,30.0,18.99
364,US,1584253475,38.25,-104.61,90,100,35.6,6.93
365,AU,1584253680,-20.32,118.57,1,47,96.8,16.11
366,NO,1584253410,61.99,5.14,100,93,42.01,19.46
367,NA,1584253495,-22.96,14.51,90,100,60.01,6.93
368,PL,1584253681,52.74,23.58,0,89,27.0,5.21
369,IQ,1584253681,36.32,41.88,81,83,53.51,2.55
370,MR,1584253681,20.93,-17.03,0,82,62.6,18.34
371,UY,1584253681,-33.7,-53.46,100,83,67.1,10.31
372,RU,1584253682,48.97,140.29,62,79,21.67,18.32
373,BR,1584253682,-21.64,-41.05,57,87,76.23,5.19
374,RU,1584253682,59.09,35.23,100,72,22.08,10.13
375,RU,1584253682,65.58,-171.0,100,94,20.25,11.72
376,ZA,1584253682,-34.0,24.73,31,83,66.06,15.12
377,PT,1584253450,39.05,-27.98,16,79,58.26,7.54
378,IN,1584253566,25.52,90.22,91,39,85.17,9.13
379,ES,1584253683,43.67,-7.41,2,89,46.0,1.01
380,RU,1584253683,51.4,46.87,24,73,36.0,8.99
381,US,1584253670,35.2,-111.65,40,92,46.99,7.63
382,US,1584253683,41.79,-107.24,1,60,41.0,11.41
383,GL,1584253423,64.18,-51.72,100,84,1.4,18.34
384,RU,1584253683,45.39,47.37,52,58,45.66,9.31
385,GH,1584253684,8.47,-0.01,83,79,79.0,5.32
386,AU,1584253684,-20.02,148.23,33,54,82.4,13.87
387,BW,1584253684,-20.47,22.72,0,59,77.41,1.61
388,ET,1584253684,4.05,38.3,76,63,74.48,14.63
389,KZ,1584253684,45.32,55.2,100,69,57.15,5.01
390,KE,1584253684,1.75,40.06,100,61,85.15,14.45
391,TZ,1584253441,-4.97,39.83,39,71,84.74,5.46
392,IN,1584253685,10.57,72.64,40,70,84.2,4.7
393,CA,1584253685,47.62,-57.62,83,80,29.41,34.94
394,SA,1584253685,26.33,43.98,40,63,66.2,13.87
395,CF,1584253685,4.96,18.7,85,69,73.4,2.44
396,LY,1584253405,32.38,15.09,0,71,63.9,14.03
397,RU,1584253685,60.34,102.28,100,88,32.34,12.84
398,PT,1584253685,38.73,-27.07,75,93,57.2,9.53
399,CN,1584253686,42.8,93.45,100,19,48.72,7.38
400,BR,1584253686,-9.71,-35.9,75,94,75.2,3.36
401,US,1584253686,40.63,-74.27,90,42,46.99,4.7
402,RU,1584253686,56.85,124.91,100,92,11.08,3.4
403,RU,1584253686,59.2,37.15,90,73,21.2,6.71
404,CD,1584253686,-4.97,23.45,86,81,75.38,2.57
405,AR,1584253686,-33.3,-66.34,82,43,62.6,20.11
406,MX,1584253426,16.86,-99.89,40,83,77.0,3.98
407,RU,1584253687,50.72,136.63,52,67,18.77,3.78
408,NG,1584253687,10.37,10.73,96,20,62.19,4.45
409,LK,1584253687,8.57,81.23,33,49,89.28,7.23
410,CA,1584253505,45.35,-80.03,100,62,27.0,3.0
411,BR,1584253687,-5.79,-35.21,75,100,77.0,4.7
412,PA,1584253688,8.62,-80.6,18,44,75.0,8.66
413,IS,1584253688,64.89,-23.71,93,64,31.32,26.08
414,RU,1584253688,66.32,-179.17,96,52,6.4,2.66
415,US,1584253688,41.28,-70.1,90,56,44.6,9.17
416,ML,1584253688,20.2,1.01,16,14,70.14,12.3
417,GL,1584253688,60.72,-46.03,100,67,19.4,2.24
418,TZ,1584253688,-4.13,37.95,86,79,76.82,1.61
419,NO,1584253689,63.73,8.83,75,60,39.2,26.4
420,US,1584253689,35.87,-101.97,90,100,44.6,11.41
421,GB,1584253689,53.62,-2.16,100,100,46.99,8.05
422,BR,1584253689,-7.26,-34.91,90,94,77.0,3.78
423,PF,1584253689,-17.51,-149.49,40,74,84.2,10.29
424,NA,1584253411,-22.12,14.28,1,95,60.01,1.81
425,CV,1584253690,15.13,-23.22,11,77,69.8,14.99
426,ES,1584253416,42.25,-2.5,21,66,32.0,1.12
427,CV,1584253690,16.18,-22.92,40,88,68.0,9.17
428,SB,1584253690,-8.14,159.59,87,75,83.59,9.48
429,NU,1584253690,-19.06,-169.92,100,88,80.6,4.7
430,MZ,1584253690,-17.88,36.89,20,88,78.8,3.36
431,TH,1584253690,9.95,99.08,75,47,95.0,8.05
432,TD,1584253690,13.47,22.2,72,18,67.39,17.74
433,ID,1584253448,5.56,95.32,34,57,88.56,9.33
434,IN,1584253691,14.48,79.98,9,47,88.84,12.95
435,IT,1584253691,37.8,12.44,40,82,60.01,14.99
436,RU,1584253691,56.91,118.26,16,58,13.96,2.57
437,UA,1584253691,50.59,34.48,11,46,29.84,18.84
438,NO,1584253439,70.37,31.11,100,83,28.26,33.67
439,ZW,1584253692,-21.05,31.67,8,52,81.05,1.39
440,LY,1584253692,32.12,20.07,44,59,62.44,7.14
441,FI,1584253692,60.57,27.2,0,79,21.99,8.05
442,CD,1584253692,-5.25,14.87,65,95,71.56,1.21
443,KZ,1584253692,53.88,67.42,100,100,35.47,19.71
444,AU,1584253598,-35.35,150.47,75,59,66.99,16.11
445,RU,1584253693,53.99,48.33,90,83,35.6,4.47
446,ID,1584253693,-1.6,103.62,40,37,96.24,3.22
447,LY,1584253693,32.47,14.57,0,72,61.16,12.77
448,BR,1584253693,-4.41,-40.44,100,96,73.0,1.88
449,ET,1584253693,11.18,40.02,100,92,64.56,4.9
450,MX,1584253491,30.48,-115.95,61,79,58.82,8.41
451,NO,1584253694,71.0,24.66,90,85,24.8,26.4
452,IN,1584253694,22.67,88.87,40,65,81.0,11.41
453,AU,1584253694,-30.65,153.0,100,88,66.99,12.75
454,US,1584253694,37.1,-113.58,90,76,53.01,5.82
455,JP,1584253695,34.82,135.43,75,53,54.0,10.29
456,ES,1584253695,36.97,-2.21,99,81,54.0,2.24
457,RU,1584253695,42.43,130.64,100,66,33.8,9.95
458,TH,1584253695,14.71,101.42,100,63,84.2,3.47
459,AU,1584253695,-37.88,147.98,0,53,66.0,4.0
460,US,1584253626,44.76,-85.62,1,68,28.4,8.05
461,KE,1584253696,3.12,35.6,100,36,90.77,7.92
462,DE,1584253696,53.22,7.8,20,70,46.99,11.41
463,US,1584253696,36.62,-121.92,90,90,52.0,9.17
464,PK,1584253696,25.05,61.74,100,67,73.33,9.19
465,US,1584253696,21.4,-157.74,20,69,77.0,16.11
466,MG,1584253696,-25.17,45.05,92,63,80.06,10.49
467,YT,1584253696,-12.73,45.2,100,79,86.0,5.82
468,AO,1584253697,-14.66,17.69,100,98,63.86,5.7
469,US,1584253450,34.64,-120.46,90,81,55.4,3.36
470,AU,1584253697,-35.57,138.62,0,27,75.2,13.87
471,US,1584253650,29.6,-90.72,1,94,71.01,6.93
472,PE,1584253697,-11.1,-77.61,99,80,71.24,3.09
473,RU,1584253697,62.55,155.55,100,94,-4.05,3.53
474,PG,1584253698,-9.08,143.21,22,71,86.04,5.95
475,CA,1584253698,47.84,-83.4,93,99,3.22,4.43
476,RU,1584253698,62.89,54.96,68,91,16.25,7.18
477,US,1584253698,41.53,-87.42,90,80,35.01,9.17
478,GB,1584253490,54.28,-0.4,100,87,50.0,20.8
479,PT,1584253698,37.73,-25.67,20,82,55.4,4.7
480,MX,1584253699,19.22,-104.7,46,85,76.6,4.97
481,ZA,1584253699,-29.13,31.4,75,73,77.0,4.7
482,PG,1584253699,-6.12,141.29,55,88,82.44,3.2
483,ZA,1584253699,-34.02,20.44,100,88,62.6,4.7
484,CL,1584253423,-33.04,-71.63,0,87,53.6,5.82
485,CN,1584253541,33.07,107.03,31,23,68.58,7.52
486,YE,1584253699,15.06,43.29,18,70,73.65,4.12
487,PG,1584253431,-6.22,155.63,100,77,84.51,12.68
488,SE,1584253700,62.49,17.33,89,74,35.01,8.05
489,NO,1584253700,69.23,17.98,75,95,32.0,16.11
490,VU,1584253700,-19.55,169.27,90,74,86.0,16.11
491,AR,1584253590,-27.8,-64.26,93,91,72.48,6.64
492,RU,1584253700,51.4,83.56,84,98,36.75,6.26
493,PG,1584253558,-9.44,147.18,90,94,78.8,11.41
494,AR,1584253662,-42.77,-65.04,0,74,55.26,8.84
495,NI,1584253701,12.01,-83.76,32,99,71.17,2.51
496,EG,1584253701,31.26,32.28,25,93,59.0,2.24
497,RU,1584253701,67.47,86.58,100,94,12.88,14.99
498,ES,1584253701,43.34,-6.41,21,87,43.0,4.7
499,IT,1584253504,46.62,10.7,75,93,41.0,4.07
500,CN,1584253702,24.19,102.82,77,24,81.88,15.66
501,RU,1584253702,53.86,120.88,43,85,18.84,5.55
502,US,1584253702,41.8,-73.12,90,59,42.01,12.75
503,RU,1584253702,63.45,120.32,99,90,23.38,5.55
504,PT,1584253702,42.03,-8.16,75,93,53.01,3.36
505,KZ,1584253703,51.1,66.32,100,93,36.07,17.09
506,FR,1584253703,43.57,1.3,13,86,44.01,4.7
507,VE,1584253703,10.26,-67.79,10,80,75.15,4.9
508,GA,1584253703,-0.72,8.78,40,94,78.8,8.05
509,GR,1584253703,36.82,21.7,8,93,57.99,4.7
510,PE,1584253703,-16.62,-72.71,77,89,65.64,3.13
511,RU,1584253421,46.49,135.88,100,84,19.92,9.93
512,RU,1584253704,51.23,38.38,100,47,28.81,20.87
513,CA,1584253458,68.22,-135.01,90,72,17.6,11.41
514,ML,1584253704,11.42,-7.48,15,15,71.76,5.28
515,US,1584253704,40.69,-75.19,40,75,45.0,7.25
516,RU,1584253704,54.43,113.6,49,70,28.06,3.8
517,RU,1584253705,63.28,118.33,94,94,26.38,6.98
518,RU,1584253705,67.47,78.7,92,85,-1.52,15.23
519,CN,1584253705,30.35,114.32,0,32,69.8,4.47
520,RU,1584253705,55.77,48.98,2,84,37.4,4.47
521,TD,1584253705,12.18,18.69,49,13,68.25,5.55
522,MG,1584253705,-25.17,46.08,86,60,81.64,4.65
523,JP,1584253508,26.18,127.76,40,45,64.4,14.99
524,CA,1584253706,47.17,-55.15,89,79,29.32,28.63
525,IS,1584253706,66.04,-17.34,0,71,8.6,27.51
526,CA,1584253698,55.78,-118.84,20,69,-8.0,8.05
527,CO,1584253706,4.27,-73.49,91,92,61.39,1.99
528,SD,1584253706,14.2,24.67,87,20,63.28,6.51
529,CN,1584253459,40.28,97.2,100,15,48.87,18.84
530,CN,1584253707,40.85,122.75,75,25,32.61,22.28
531,SN,1584253707,12.48,-16.55,0,73,75.2,9.17
532,IN,1584253519,20.57,78.83,20,32,84.2,2.24
533,TH,1584253707,15.24,105.23,97,46,95.0,2.24
534,RU,1584253707,48.12,132.48,16,76,22.32,4.41
535,ML,1584253707,14.0,-7.75,20,13,72.48,9.17
536,IN,1584253707,16.73,82.22,40,58,86.0,9.17
537,RE,1584253454,-21.37,55.62,67,69,84.2,19.46
538,VN,1584253708,11.92,109.16,40,74,87.8,16.11
539,RU,1584253708,58.7,81.48,99,98,33.87,12.68
540,US,1584253708,38.89,-76.51,90,87,43.0,10.29
541,US,1584253452,35.76,-83.97,90,87,55.99,12.75
542,RU,1584253708,44.63,41.95,100,58,42.8,11.18
543,AU,1584253708,-23.53,148.17,0,33,88.0,13.87
544,AZ,1584253709,39.03,46.72,33,60,53.19,2.3
545,BJ,1584253492,6.5,2.6,20,83,82.4,4.7
546,ML,1584253435,16.64,1.64,0,15,72.23,11.56
547,GT,1584253709,14.2,-91.3,12,75,79.61,4.76
548,AU,1584253709,-31.95,141.43,42,29,75.2,16.11
549,NZ,1584253412,-46.28,169.85,100,88,57.99,3.0
550,RU,1584253465,56.45,138.17,0,66,8.37,3.47
551,BR,1584253710,-19.17,-41.47,22,96,67.37,2.82
552,ZW,1584253710,-20.15,28.58,89,69,73.4,3.36
553,IT,1584253710,42.44,11.22,3,61,48.2,11.41
554,US,1584253590,36.04,-114.98,20,62,60.8,13.87
555,US,1584253710,32.35,-85.2,1,87,68.0,3.36
556,AU,1584253421,-23.7,133.88,90,20,87.8,10.29
557,IN,1584253710,19.17,75.18,60,19,86.86,9.66
558,GB,1584253711,51.75,-1.26,100,87,50.0,18.34
559,US,1584253711,32.86,-90.41,1,100,70.0,4.7
560,RU,1584253711,65.85,74.49,52,89,0.16,12.41
561,MX,1584253711,21.18,-98.62,94,93,69.31,2.19
562,MN,1584253711,45.76,106.27,48,22,43.18,21.88
563,RU,1584253711,51.68,94.73,100,74,20.03,1.01
564,GY,1584253711,3.38,-59.8,98,75,78.69,12.1
565,RU,1584253712,54.26,36.16,75,73,23.0,15.66
566,CO,1584253712,1.2,-70.17,98,86,74.14,0.56
